"id","movie_name","launching_year","images"
1,The Avengers,2012-05-04,movie-2012.jpg
2,The Avengers,2012-05-04,movie-2012-1.jpg
3,The Avengers,2012-05-04,movie-2012-2.jpg
4,Avengers: Age of Ultron,2015-05-01,movie-2015.jpg
5,Avengers: Age of Ultron,2015-05-01,movie-2015-1.jpg
6,Avengers: Age of Ultron,2015-05-01,movie-2015-2.jpg
7,Avengers: Infinity War,2018-04-27,movie-2018.jpg
8,Avengers: Infinity War,2018-04-27,movie-2018-1.jpg
9,Avengers: Infinity War,2018-04-27,movie-2018-2.jpg
10,Avengers: End Game,2019-04-26,movie-2019.jpg
11,Avengers: End Game,2019-04-26,movie-2019-1.jpg
12,Avengers: End Game,2019-04-26,movie-2019-2.jpg
